{
  "Logistic Regression": {
    "Accuracy": 0.986013986013986,
    "AUC": 0.9976939203354298,
    "Precision": 0.9888888888888889,
    "Recall": 0.9888888888888889,
    "F1": 0.9888888888888889,
    "MCC": 0.970020964360587
  },
  "Decision Tree": {
    "Accuracy": 0.9230769230769231,
    "AUC": 0.9233752620545074,
    "Precision": 0.9540229885057471,
    "Recall": 0.9222222222222223,
    "F1": 0.9378531073446328,
    "MCC": 0.8378398713451533
  },
  "KNN": {
    "Accuracy": 0.9790209790209791,
    "AUC": 0.9923480083857442,
    "Precision": 0.967741935483871,
    "Recall": 1.0,
    "F1": 0.9836065573770492,
    "MCC": 0.9554915436983854
  },
  "Naive Bayes": {
    "Accuracy": 0.9370629370629371,
    "AUC": 0.9893081761006289,
    "Precision": 0.9263157894736842,
    "Recall": 0.9777777777777777,
    "F1": 0.9513513513513514,
    "MCC": 0.8649565325663754
  },
  "Random Forest": {
    "Accuracy": 0.958041958041958,
    "AUC": 0.9941299790356394,
    "Precision": 0.9565217391304348,
    "Recall": 0.9777777777777777,
    "F1": 0.967032967032967,
    "MCC": 0.9097751526641134
  },
  "XGBoost": {
    "Accuracy": 0.972027972027972,
    "AUC": 0.9955974842767296,
    "Precision": 0.967391304347826,
    "Recall": 0.9888888888888889,
    "F1": 0.978021978021978,
    "MCC": 0.9400023475597844
  }
}